{
	"system" : {
		"platform" : "windows64",
		"os_name" : "Windows 10",
		"os_version" : "10.0"
	},
	"error" : {
		"executable" : "quartus",
		"comment" : "not_applicable",
		"error_message" : "Access Violation at 0X00007FFC8597F44F",
		"source_file" : "unknown",
		"line" : "0",
		"stack_trace" : "\t0x7ffc8597f44e: CCL_MSG + 0x4f44e (?write_message@MSG_REPORT_FILE@@QEAA_NPEAVMSG_POST@@@Z + 0x3e)\n\t0x7ffc46a567fe: SYS_QUI + 0x167fe (?save_msg@QUI_DISPLAY@@QEAAXAEBVFIO_PATH@@@Z + 0x17e)\n\t0x7ffc46a74c63: SYS_QUI + 0x34c63 (?qui_save_pro_msg@@YAXXZ + 0x2d3)\n\t0x7ffc46a6a79d: SYS_QUI + 0x2a79d (?flow_starting_setup@QUI_FRAME_WND@@QEAA_NW4FSTR_FLOW_ENUM@@_N@Z + 0x7d)\n\t0x7ffc46a52791: SYS_QUI + 0x12791 (?start_flow@QUI_APP@@QEAA_NW4FSTR_FLOW_ENUM@@AEBV?$basic_string@DU?$char_traits@D@std@@V?$allocator@D@2@@std@@_N22@Z + 0x51)\n\t0x7ffbd39c50b6: resr_tmwq + 0x250b6 (?run_prereq_command@TMWQ_TREE@@IEAAXV?$basic_string@DU?$char_traits@D@std@@V?$allocator@D@2@@std@@_N11@Z + 0x106)\n\t0x7ffbd39c70c3: resr_tmwq + 0x270c3 (?start_next_task@TMWQ_TREE@@IEAAX_N@Z + 0x833)\n\t0x7ffbd39c6876: resr_tmwq + 0x26876 (?start@TMWQ_TREE@@IEAA_NPEAVTMWQ_ITEM@@@Z + 0x1d6)\n\t0x7ffbd39bf179: resr_tmwq + 0x1f179 (?on_start@TMWQ_TREE@@IEAAXAEBVQModelIndex@@@Z + 0x349)\n\t0x7ffbd39be497: resr_tmwq + 0x1e497 (?on_double_click_text@TMWQ_TREE@@QEAAXAEBVQModelIndex@@@Z + 0x117)\n\t 0x51cbc420: QtCore4 + 0x11c420 (?activate@QMetaObject@@SAXPEAVQObject@@PEBU1@HPEAPEAX@Z + 0x520)\n\t 0x522fb2c9: QtGui4 + 0x46b2c9 (?doubleClicked@QAbstractItemView@@IEAAXAEBVQModelIndex@@@Z + 0x29)\n\t 0x52335a0b: QtGui4 + 0x4a5a0b (?mouseDoubleClickEvent@QTreeView@@MEAAXPEAVQMouseEvent@@@Z + 0x15b)\n\t 0x51ef07a8: QtGui4 + 0x607a8 (?event@QWidget@@MEAA_NPEAVQEvent@@@Z + 0xe8)\n\t 0x52212676: QtGui4 + 0x382676 (?event@QFrame@@MEAA_NPEAVQEvent@@@Z + 0x36)\n\t 0x5230552c: QtGui4 + 0x47552c (?viewportEvent@QAbstractItemView@@MEAA_NPEAVQEvent@@@Z + 0x4ac)\n\t0x7ffc162f1656: GCL_AFCQ + 0xc1656 (?viewportEvent@AFCQ_TREE_VIEW@@MEAA_NPEAVQEvent@@@Z + 0x2b6)\n\t 0x51caf802: QtCore4 + 0x10f802 (?sendThroughObjectEventFilters@QCoreApplicationPrivate@@QEAA_NPEAVQObject@@PEAVQEvent@@@Z + 0x82)\n\t 0x51eb2e81: QtGui4 + 0x22e81 (?notify_helper@QApplicationPrivate@@QEAA_NPEAVQObject@@PEAVQEvent@@@Z + 0xe1)\n\t 0x51eb1a8e: QtGui4 + 0x21a8e (?notify@QApplication@@UEAA_NPEAVQObject@@PEAVQEvent@@@Z + 0x71e)\n\t 0x51cad92b: QtCore4 + 0x10d92b (?notifyInternal@QCoreApplication@@AEAA_NPEAVQObject@@PEAVQEvent@@@Z + 0x7b)\n\t 0x51eb5cfe: QtGui4 + 0x25cfe (?sendMouseEvent@QApplicationPrivate@@SA_NPEAVQWidget@@PEAVQMouseEvent@@00PEAPEAV2@AEAV?$QPointer@VQWidget@@@@_N@Z + 0x1de)\n\t 0x51f156f0: QtGui4 + 0x856f0 (?trUtf8@QScrollBar@@SA?AVQString@@PEBD0H@Z + 0x1440)\n\t 0x51f190b1: QtGui4 + 0x890b1 (?winMouseButtonUp@QApplication@@SAXXZ + 0x2761)\n\t0x7ffcacd47845: USER32 + 0x17845 (CallWindowProcW + 0x6a5)\n\t0x7ffcacd4539c: USER32 + 0x1539c (IsWindowUnicode + 0x3cc)\n\t 0x51cd2802: QtCore4 + 0x132802 (?processEvents@QEventDispatcherWin32@@UEAA_NV?$QFlags@W4ProcessEventsFlag@QEventLoop@@@@@Z + 0x3e2)\n\t 0x51f10eb4: QtGui4 + 0x80eb4 (?openPopup@QApplicationPrivate@@QEAAXPEAVQWidget@@@Z + 0x204)\n\t 0x51caa88b: QtCore4 + 0x10a88b (?exec@QEventLoop@@QEAAHV?$QFlags@W4ProcessEventsFlag@QEventLoop@@@@@Z + 0x22b)\n\t 0x51cace6f: QtCore4 + 0x10ce6f (?exec@QCoreApplication@@SAHXZ + 0xdf)\n\t0x7ff736b0197b: quartus + 0x197b (?qgq_main@@YAHHPEAPEBD@Z + 0x7b)\n\t0x7ffc85942e98: CCL_MSG + 0x12e98 (?msg_main_thread@@YAPEAXPEAX@Z + 0x18)\n\t0x7ffc8594467e: CCL_MSG + 0x1467e (?msg_thread_wrapper@@YAPEAXP6APEAXPEAX@Z0@Z + 0x6e)\n\t0x7ffc870c6660: ccl_mem + 0x16660 (?mem_thread_wrapper@@YAPEAXP6APEAXPEAX@Z0@Z + 0x70)\n\t0x7ffc85942761: CCL_MSG + 0x12761 (?msg_exe_main@@YAHHPEAPEBDP6AHH0@Z@Z + 0xa1)\n\t0x7ff736b024e7: quartus + 0x24e7 (WinMain + 0x127)\n\t0x7ff736b01e58: quartus + 0x1e58 (__tmainCRTStartup + 0x148)\n\t0x7ffcacbbe8d6: KERNEL32 + 0x2e8d6 (BaseThreadInitThunk + 0x16)\n\t0x7ffcae08c53b: ntdll + 0x8c53b (RtlUserThreadStart + 0x2b)\n",
		"subsystem" : "unknown"
	},
	"quartus" : {
		"quartus_bits" : "64",
		"version" : "18.1.0",
		"build" : "625",
		"edition" : "Lite Edition"
	}
}